{
  "project_info": {
    "project_number": "979305295078",
    "project_id": "twiddle-3e9ba",
    "storage_bucket": "twiddle-3e9ba.appspot.com"
  },
  "client": [
    {
      "client_info": {
        "mobilesdk_app_id": "1:979305295078:android:f271f38810109121ba5f27",
        "android_client_info": {
          "package_name": "com.twiddlesocialmedia.app"
        }
      },
      "oauth_client": [
        {
          "client_id": "979305295078-fdsv8apiksqh6em07u1k8s00bp8113cs.apps.googleusercontent.com",
          "client_type": 1,
          "android_info": {
            "package_name": "com.twiddlesocialmedia.app",
            "certificate_hash": "b597b3e43fdd4720f09f079ca0bb1ad7439a6eef"
          }
        },
        {
          "client_id": "979305295078-g1oe59aicjkuoag3b3n3c4p3pk3qlk37.apps.googleusercontent.com",
          "client_type": 1,
          "android_info": {
            "package_name": "com.twiddlesocialmedia.app",
            "certificate_hash": "aa97a23294d6099bad613d8d9e3b4b1510ecdc9d"
          }
        },
        {
          "client_id": "979305295078-qs3ph76a4s2tjs5sbk4753knrcdk65o3.apps.googleusercontent.com",
          "client_type": 1,
          "android_info": {
            "package_name": "com.twiddlesocialmedia.app",
            "certificate_hash": "701e6891f9e2d5ec64f25b7ebf1c9b00b6d4fe92"
          }
        },
        {
          "client_id": "979305295078-k4bsp2kkv078n6udf51nkgttcvdb83nn.apps.googleusercontent.com",
          "client_type": 3
        }
      ],
      "api_key": [
        {
          "current_key": "AIzaSyBoJYaIiN5i28SBWop6b-1tSG-8-mfSq-I"
        }
      ],
      "services": {
        "appinvite_service": {
          "other_platform_oauth_client": [
            {
              "client_id": "979305295078-k4bsp2kkv078n6udf51nkgttcvdb83nn.apps.googleusercontent.com",
              "client_type": 3
            },
            {
              "client_id": "979305295078-7a4qq9al83e2k5rku5rt45dr3i5vs6a1.apps.googleusercontent.com",
              "client_type": 2,
              "ios_info": {
                "bundle_id": "com.twiddlesocialmedia.app"
              }
            }
          ]
        }
      }
    }
  ],
  "configuration_version": "1"
}